sentence,Tag
"Inaugural_JJ Address_NNP January_NNP 20_CD ,_, 2001_CD Public_NNP Papers_NNP of_IN the_DT Presidents_NNS George_NNP W._NNP Bush_NNP <_JJR br_NN >_JJR 2001_CD :_:",f
Book_VB I_PRP George_NNP W._NNP Bush_NNP 2001_CD :_:,f
" Book_VB I_PRP video_JJ Location_NNP :_:
",f
" District_NNP of_IN Columbia_NNP Washington_NNP The_NNP American_NNP Presidency_NNP Project_NNP
",f
"Thank_VB you_PRP ,_, all_DT ._.",f
"Chief_NNP Justice_NNP Rehnquist_NNP ,_, President_NNP Carter_NNP ,_, President_NNP Bush_NNP ,_, President_NNP Clinton_NNP ,_, distinguished_VBD guests_NNS ,_, and_CC my_PRP$ fellow_JJ citizens_NNS ._.
",t
"The_DT peaceful_JJ transfer_NN of_IN authority_NN is_VBZ rare_JJ in_IN history_NN ,_, yet_RB common_JJ in_IN our_PRP$ country_NN ._.
",t
"With_IN a_DT simple_JJ oath_NN ,_, we_PRP affirm_VBP old_JJ traditions_NNS and_CC make_VB new_JJ beginnings_NNS ._.
",t
"As_IN I_PRP begin_VBP ,_, I_PRP thank_VBP President_NNP Clinton_NNP for_IN his_PRP$ service_NN to_TO our_PRP$ Nation_NNP ,_, and_CC I_PRP thank_VBP Vice_NNP President_NNP Gore_NNP for_IN a_DT contest_NN conducted_VBN with_IN spirit_NN and_CC ended_VBN with_IN grace_NN ._.
",t
"I_PRP am_VBP honored_VBN and_CC humbled_VBN to_TO stand_VB here_RB where_WRB so_RB many_JJ of_IN America_NNP 's_POS leaders_NNS have_VBP come_VBN before_IN me_PRP ,_, and_CC so_RB many_JJ will_MD follow_VB ._.
",f
"We_PRP have_VBP a_DT place_NN ,_, all_DT of_IN us_PRP ,_, in_IN a_DT long_JJ story_NN ,_, a_DT story_NN we_PRP continue_VBP but_CC whose_WP$ end_NN we_PRP will_MD not_RB see_VB ._.
",f
"It_PRP is_VBZ a_DT story_NN of_IN a_DT new_JJ world_NN that_WDT became_VBD a_DT friend_NN and_CC liberator_NN of_IN the_DT old_JJ ,_, the_DT story_NN of_IN a_DT slaveholding_JJ society_NN that_WDT became_VBD a_DT servant_NN of_IN freedom_NN ,_, the_DT story_NN of_IN a_DT power_NN that_WDT went_VBD into_IN the_DT world_NN to_TO protect_VB but_CC not_RB possess_VB ,_, to_TO defend_VB but_CC not_RB to_TO conquer_VB ._.
",t
"It_PRP is_VBZ the_DT American_JJ story_NN ,_, a_DT story_NN of_IN flawed_JJ and_CC fallible_JJ people_NNS united_VBN across_IN the_DT generations_NNS by_IN grand_JJ and_CC enduring_JJ ideals_NNS ._.
",f
"The_DT grandest_JJS of_IN these_DT ideals_NNS is_VBZ an_DT unfolding_VBG American_JJ promise_NN that_WDT everyone_NN belongs_VBZ ,_, that_IN everyone_NN deserves_VBZ a_DT chance_NN ,_, that_IN no_DT insignificant_JJ person_NN was_VBD ever_RB born_VBN ._.
",t
"Americans_NNPS are_VBP called_VBN to_TO enact_VB this_DT promise_NN in_IN our_PRP$ lives_NNS and_CC in_IN our_PRP$ laws_NNS ._.
",t
"And_CC though_IN our_PRP$ Nation_NNP has_VBZ sometimes_RB halted_VBN and_CC sometimes_RB delayed_VBN ,_, we_PRP must_MD follow_VB no_DT other_JJ course_NN ._.
",t
"Through_IN much_JJ of_IN the_DT last_JJ century_NN ,_, America_NNP 's_POS faith_NN in_IN freedom_NN and_CC democracy_NN was_VBD a_DT rock_NN in_IN a_DT raging_VBG sea_NN ._.
",f
"Now_RB it_PRP is_VBZ a_DT seed_NN upon_IN the_DT wind_NN ,_, taking_VBG root_NN in_IN many_JJ nations_NNS ._.
",f
"Our_PRP$ democratic_JJ faith_NN is_VBZ more_JJR than_IN the_DT creed_NN of_IN our_PRP$ country_NN ._.
",f
"It_PRP is_VBZ the_DT inborn_JJ hope_NN of_IN our_PRP$ humanity_NN ,_, an_DT ideal_NN we_PRP carry_VBP but_CC do_VBP not_RB own_JJ ,_, a_DT trust_NN we_PRP bear_VBP and_CC pass_VBP along_RB ._.
",t
"Even_RB after_IN nearly_RB 225_CD years_NNS ,_, we_PRP have_VBP a_DT long_JJ way_NN yet_RB to_TO travel_VB ._.",f
"While_IN many_JJ of_IN our_PRP$ citizens_NNS prosper_VBP ,_, others_NNS doubt_VBP the_DT promise_NN ,_, even_RB the_DT justice_NN of_IN our_PRP$ own_JJ country_NN ._.
",f
"The_DT ambitions_NNS of_IN some_DT Americans_NNS are_VBP limited_VBN by_IN failing_VBG schools_NNS and_CC hidden_VBN prejudice_NN and_CC the_DT circumstances_NNS of_IN their_PRP$ birth_NN ._.
",t
"And_CC sometimes_RB our_PRP$ differences_NNS run_VBP so_RB deep_RB ,_, it_PRP seems_VBZ we_PRP share_VBP a_DT continent_NN but_CC not_RB a_DT country_NN ._.
",t
"We_PRP do_VBP not_RB accept_VB this_DT ,_, and_CC we_PRP will_MD not_RB allow_VB it_PRP ._.
",t
"Our_PRP$ unity_NN ,_, our_PRP$ Union_NNP ,_, is_VBZ a_DT serious_JJ work_NN of_IN leaders_NNS and_CC citizens_NNS and_CC every_DT generation_NN ._.
",t
"And_CC this_DT is_VBZ my_PRP$ solemn_JJ pledge_NN :_:
",f
" I_PRP will_MD work_VB to_TO build_VB a_DT single_JJ nation_NN of_IN justice_NN and_CC opportunity_NN ._.
",f
"I_PRP know_VBP this_DT is_VBZ in_IN our_PRP$ reach_NN because_IN we_PRP are_VBP guided_VBN by_IN a_DT power_NN larger_JJR than_IN ourselves_PRP ,_, who_WP creates_VBZ us_PRP equal_JJ ,_, in_IN His_PRP$ image_NN ,_, and_CC we_PRP are_VBP confident_JJ in_IN principles_NNS that_WDT unite_VBP and_CC lead_VBP us_PRP onward_RB ._.
",f
"America_NNP has_VBZ never_RB been_VBN united_VBN by_IN blood_NN or_CC birth_NN or_CC soil_NN ._.
",t
"We_PRP are_VBP bound_VBN by_IN ideals_NNS that_WDT move_VBP us_PRP beyond_IN our_PRP$ backgrounds_NNS ,_, lift_VB us_PRP above_IN our_PRP$ interests_NNS ,_, and_CC teach_VB us_PRP what_WP it_PRP means_VBZ to_TO be_VB citizens_NNS ._.
",t
"Every_DT child_NN must_MD be_VB taught_VBN these_DT principles_NNS ._.
",f
"Every_DT citizen_NN must_MD uphold_VB them_PRP ._.
",f
"And_CC every_DT immigrant_JJ ,_, by_IN embracing_VBG these_DT ideals_NNS ,_, makes_VBZ our_PRP$ country_NN more_RBR ,_, not_RB less_RBR ,_, American_NNP ._.
",f
"Today_NN we_PRP affirm_VBP a_DT new_JJ commitment_NN to_TO live_VB out_RP our_PRP$ Nation_NNP 's_POS promise_NN through_IN civility_NN ,_, courage_NN ,_, compassion_NN ,_, and_CC character_NN ._.
",t
"America_NNP at_IN its_PRP$ best_JJS matches_VBZ a_DT commitment_NN to_TO principle_NN with_IN a_DT concern_NN for_IN civility_NN ._.
",f
"A_DT civil_JJ society_NN demands_NNS from_IN each_DT of_IN us_PRP good_JJ will_NN and_CC respect_NN ,_, fair_JJ dealing_NN and_CC forgiveness_NN ._.
",t
"Some_DT seem_VBP to_TO believe_VB that_IN our_PRP$ politics_NNS can_MD afford_VB to_TO be_VB petty_JJ because_IN in_IN a_DT time_NN of_IN peace_NN the_DT stakes_NNS of_IN our_PRP$ debates_NNS appear_VBP small_JJ ._.
",f
"But_CC the_DT stakes_NNS for_IN America_NNP are_VBP never_RB small_JJ ._.
",f
"If_IN our_PRP$ country_NN does_VBZ not_RB lead_VB the_DT cause_NN of_IN freedom_NN ,_, it_PRP will_MD not_RB be_VB led_VBN ._.
",f
"If_IN we_PRP do_VBP not_RB turn_VB the_DT hearts_NNS of_IN children_NNS toward_IN knowledge_NN and_CC character_NN ,_, we_PRP will_MD lose_VB their_PRP$ gifts_NNS and_CC undermine_VBP their_PRP$ idealism_NN ._.
",t
"If_IN we_PRP permit_VBP our_PRP$ economy_NN to_TO drift_VB and_CC decline_VB ,_, the_DT vulnerable_JJ will_MD suffer_VB most_JJS ._.
",f
"We_PRP must_MD live_VB up_RP to_TO the_DT calling_VBG we_PRP share_VBP ._.
",f
"Civility_NN is_VBZ not_RB a_DT tactic_NN or_CC a_DT sentiment_NN ;_:
",t
" it_PRP is_VBZ the_DT determined_VBN choice_NN of_IN trust_NN over_IN cynicism_NN ,_, of_IN community_NN over_IN chaos_NN ._.
",t
"And_CC this_DT commitment_NN ,_, if_IN we_PRP keep_VBP it_PRP ,_, is_VBZ a_DT way_NN to_TO shared_VBN accomplishment_NN ._.
",f
"America_NNP at_IN its_PRP$ best_JJS is_VBZ also_RB courageous_JJ ._.
",f
"Our_PRP$ national_JJ courage_NN has_VBZ been_VBN clear_JJ in_IN times_NNS of_IN depression_NN and_CC war_NN ,_, when_WRB defeating_VBG common_JJ dangers_NNS defined_VBN our_PRP$ common_JJ good_JJ ._.
",f
"Now_RB we_PRP must_MD choose_VB if_IN the_DT example_NN of_IN our_PRP$ fathers_NNS and_CC mothers_NNS will_MD inspire_VB us_PRP or_CC condemn_VB us_PRP ._.
",t
"We_PRP must_MD show_VB courage_NN in_IN a_DT time_NN of_IN blessing_NN by_IN confronting_VBG problems_NNS instead_RB of_IN passing_VBG them_PRP on_IN to_TO future_JJ generations_NNS ._.
",f
"Together_RB we_PRP will_MD reclaim_VB America_NNP 's_POS schools_NNS before_IN ignorance_NN and_CC apathy_NN claim_VBP more_JJR young_JJ lives_NNS ._.
",f
"We_PRP will_MD reform_VB Social_NNP Security_NNP and_CC Medicare_NNP ,_, sparing_VBG our_PRP$ children_NNS from_IN struggles_NNS we_PRP have_VBP the_DT power_NN to_TO prevent_VB ._.
",f
"And_CC we_PRP will_MD reduce_VB taxes_NNS to_TO recover_VB the_DT momentum_NN of_IN our_PRP$ economy_NN and_CC reward_VB the_DT effort_NN and_CC enterprise_NN of_IN working_VBG Americans_NNPS ._.
",f
"We_PRP will_MD build_VB our_PRP$ defenses_NNS beyond_IN challenge_NN ,_, lest_IN weakness_NN invite_VBP challenge_NN ._.
",f
"We_PRP will_MD confront_VB weapons_NNS of_IN mass_NN destruction_NN ,_, so_RB that_IN a_DT new_JJ century_NN is_VBZ spared_VBN new_JJ horrors_NNS ._.
",f
"The_DT enemies_NNS of_IN liberty_NN and_CC our_PRP$ country_NN should_MD make_VB no_DT mistake_NN :_:
",f
" America_NNP remains_VBZ engaged_VBN in_IN the_DT world_NN ,_, by_IN history_NN and_CC by_IN choice_NN ,_, shaping_VBG a_DT balance_NN of_IN power_NN that_WDT favors_VBZ freedom_NN ._.
",t
"We_PRP will_MD defend_VB our_PRP$ allies_NNS and_CC our_PRP$ interests_NNS ._.
",t
"We_PRP will_MD show_VB purpose_NN without_IN arrogance_NN ._.
",f
"We_PRP will_MD meet_VB aggression_NN and_CC bad_JJ faith_NN with_IN resolve_NN and_CC strength_NN ._.
",f
"And_CC to_TO all_DT nations_NNS ,_, we_PRP will_MD speak_VB for_IN the_DT values_NNS that_WDT gave_VBD our_PRP$ Nation_NN birth_NN ._.
",f
"America_NNP at_IN its_PRP$ best_JJS is_VBZ compassionate_JJ ._.
",f
"In_IN the_DT quiet_NN of_IN American_JJ conscience_NN ,_, we_PRP know_VBP that_IN deep_JJ ,_, persistent_JJ poverty_NN is_VBZ unworthy_JJ of_IN our_PRP$ Nation_NNP 's_POS promise_NN ._.
",f
"And_CC whatever_WDT our_PRP$ views_NNS of_IN its_PRP$ cause_NN ,_, we_PRP can_MD agree_VB that_DT children_NNS at_IN risk_NN are_VBP not_RB at_IN fault_NN ._.
",t
"Abandonment_NN and_CC abuse_NN are_VBP not_RB acts_NNS of_IN God_NNP ;_:
",f
" they_PRP are_VBP failures_NNS of_IN love_NN ._.
",f
"And_CC the_DT proliferation_NN of_IN prisons_NNS ,_, however_RB necessary_JJ ,_, is_VBZ no_DT substitute_NN for_IN hope_NN and_CC order_NN in_IN our_PRP$ souls_NNS ._.
",f
"Where_WRB there_EX is_VBZ suffering_NN ,_, there_EX is_VBZ duty_NN ._.
",t
"Americans_NNPS in_IN need_NN are_VBP not_RB strangers_NNS ;_:
",f
" they_PRP are_VBP citizens—not_JJ problems_NNS but_CC priorities_NNS ._.
",f
"And_CC all_DT of_IN us_PRP are_VBP diminished_VBN when_WRB any_DT are_VBP hopeless_JJ ._.
",t
"Government_NNP has_VBZ great_JJ responsibilities_NNS for_IN public_JJ safety_NN and_CC public_JJ health_NN ,_, for_IN civil_JJ rights_NNS and_CC common_JJ schools_NNS ._.
",t
"Yet_CC ,_, compassion_NN is_VBZ the_DT work_NN of_IN a_DT nation_NN ,_, not_RB just_RB a_DT government_NN ._.
",f
"And_CC some_DT needs_NNS and_CC hurts_VBZ are_VBP so_RB deep_JJ they_PRP will_MD only_RB respond_VB to_TO a_DT mentor_NN 's_POS touch_NN or_CC a_DT pastor_NN 's_POS prayer_NN ._.
",t
"Church_NNP and_CC charity_NN ,_, synagogue_NN and_CC mosque_NN lend_VBP our_PRP$ communities_NNS their_PRP$ humanity_NN ,_, and_CC they_PRP will_MD have_VB an_DT honored_VBN place_NN in_IN our_PRP$ plans_NNS and_CC in_IN our_PRP$ laws_NNS ._.
",t
"Many_JJ in_IN our_PRP$ country_NN do_VBP not_RB know_VB the_DT pain_NN of_IN poverty_NN ._.
",f
"But_CC we_PRP can_MD listen_VB to_TO those_DT who_WP do_VBP ._.
",f
"And_CC I_PRP can_MD pledge_NN our_PRP$ Nation_NN to_TO a_DT goal_NN :_:
",f
" When_WRB we_PRP see_VBP that_IN wounded_JJ traveler_NN on_IN the_DT road_NN to_TO Jericho_NNP ,_, we_PRP will_MD not_RB pass_VB to_TO the_DT other_JJ side_NN ._.
",f
"America_NNP at_IN its_PRP$ best_JJS is_VBZ a_DT place_NN where_WRB personal_JJ responsibility_NN is_VBZ valued_VBN and_CC expected_VBN ._.
",f
"Encouraging_VBG responsibility_NN is_VBZ not_RB a_DT search_NN for_IN scapegoats_NNS ;_:
",f
" it_PRP is_VBZ a_DT call_NN to_TO conscience_NN ._.
",f
"And_CC though_IN it_PRP requires_VBZ sacrifice_NN ,_, it_PRP brings_VBZ a_DT deeper_JJR fulfillment_NN ._.
",t
"We_PRP find_VBP the_DT fullness_NN of_IN life_NN not_RB only_RB in_IN options_NNS but_CC in_IN commitments_NNS ._.
",t
"And_CC we_PRP find_VBP that_DT children_NNS and_CC community_NN are_VBP the_DT commitments_NNS that_WDT set_VBP us_PRP free_JJ ._.
",f
"Our_PRP$ public_JJ interest_NN depends_VBZ on_IN private_JJ character_NN ,_, on_IN civic_JJ duty_NN and_CC family_NN bonds_NNS and_CC basic_JJ fairness_NN ,_, on_IN uncounted_JJ ,_, unhonored_JJ acts_NNS of_IN decency_NN ,_, which_WDT give_VBP direction_NN to_TO our_PRP$ freedom_NN ._.
",t
"Sometimes_RB in_IN life_NN we_PRP 're_VBP called_VBN to_TO do_VB great_JJ things_NNS ._.
",f
"But_CC as_IN a_DT saint_NN of_IN our_PRP$ times_NNS has_VBZ said_VBN ,_, ``_`` Every_DT day_NN we_PRP are_VBP called_VBN to_TO do_VB small_JJ things_NNS with_IN great_JJ love_NN ._.
",f
"''_'' The_DT most_RBS important_JJ tasks_NNS of_IN a_DT democracy_NN are_VBP done_VBN by_IN everyone_NN ._.
",f
"I_PRP will_MD live_VB and_CC lead_VB by_IN these_DT principles_NNS :_:
",f
" to_TO advance_VB my_PRP$ convictions_NNS with_IN civility_NN ,_, to_TO serve_VB the_DT public_JJ interest_NN with_IN courage_NN ,_, to_TO speak_VB for_IN greater_JJR justice_NN and_CC compassion_NN ,_, to_TO call_VB for_IN responsibility_NN and_CC try_VB to_TO live_VB it_PRP ,_, as_RB well_RB ._.
",t
"In_IN all_DT these_DT ways_NNS ,_, I_PRP will_MD bring_VB the_DT values_NNS of_IN our_PRP$ history_NN to_TO the_DT care_NN of_IN our_PRP$ times_NNS ._.
",f
"What_WP you_PRP do_VBP is_VBZ as_RB important_JJ as_IN anything_NN Government_NN does_VBZ ._.
",f
"I_PRP ask_VBP you_PRP to_TO seek_VB a_DT common_JJ good_JJ beyond_IN your_PRP$ comfort_NN ,_, to_TO defend_VB needed_VBN reforms_NNS against_IN easy_JJ attacks_NNS ,_, to_TO serve_VB your_PRP$ Nation_NN ,_, beginning_VBG with_IN your_PRP$ neighbor_NN ._.
",t
"I_PRP ask_VBP you_PRP to_TO be_VB citizens_NNS :_:
",f
" Citizens_NNPS ,_, not_RB spectators_NNS ;_:
",f
" citizens_NNS ,_, not_RB subjects_NNS ;_:
",f
" responsible_JJ citizens_NNS building_VBG communities_NNS of_IN service_NN and_CC a_DT nation_NN of_IN character_NN ._.
",t
"Americans_NNPS are_VBP generous_JJ and_CC strong_JJ and_CC decent_JJ ,_, not_RB because_IN we_PRP believe_VBP in_IN ourselves_PRP but_CC because_IN we_PRP hold_VBP beliefs_NNS beyond_IN ourselves_PRP ._.
",t
"When_WRB this_DT spirit_NN of_IN citizenship_NN is_VBZ missing_VBG ,_, no_DT Government_NN program_NN can_MD replace_VB it_PRP ._.
",f
"When_WRB this_DT spirit_NN is_VBZ present_JJ ,_, no_DT wrong_JJ can_MD stand_VB against_IN it_PRP ._.
",f
"After_IN the_DT Declaration_NN of_IN Independence_NN was_VBD signed_VBN ,_, Virginia_NNP statesman_NN John_NNP Page_NNP wrote_VBD to_TO Thomas_NNP Jefferson_NNP ,_, ``_`` We_PRP know_VBP the_DT race_NN is_VBZ not_RB to_TO the_DT swift_NN ,_, nor_CC the_DT battle_NN to_TO the_DT strong_JJ ._.
",t
"Do_VBP you_PRP not_RB think_VB an_DT angel_NN rides_NNS in_IN the_DT whirlwind_JJ and_CC directs_VBZ this_DT storm_NN ?_.
",f
"''_'' Much_JJ time_NN has_VBZ passed_VBN since_IN Jefferson_NNP arrived_VBD for_IN his_PRP$ inauguration_NN ._.
",f
"The_DT years_NNS and_CC changes_NNS accumulate_VBP ,_, but_CC the_DT themes_NNS of_IN this_DT day_NN ,_, he_PRP would_MD know_VB :_:
",f
" our_PRP$ Nation_NNP 's_POS grand_JJ story_NN of_IN courage_NN and_CC its_PRP$ simple_JJ dream_NN of_IN dignity_NN ._.
",t
"We_PRP are_VBP not_RB this_DT story_NN 's_POS author_NN ,_, who_WP fills_VBZ time_NN and_CC eternity_NN with_IN his_PRP$ purpose_NN ._.
",f
"Yet_CC ,_, his_PRP$ purpose_NN is_VBZ achieved_VBN in_IN our_PRP$ duty_NN ._.
",f
"And_CC our_PRP$ duty_NN is_VBZ fulfilled_VBN in_IN service_NN to_TO one_CD another_DT ._.
",f
"Never_RB tiring_VBG ,_, never_RB yielding_VBG ,_, never_RB finishing_VBG ,_, we_PRP renew_VBP that_IN purpose_NN today_NN ,_, to_TO make_VB our_PRP$ country_NN more_RBR just_RB and_CC generous_JJ ,_, to_TO affirm_VB the_DT dignity_NN of_IN our_PRP$ lives_NNS and_CC every_DT life_NN ._.
",t
"This_DT work_NN continues_VBZ ,_, the_DT story_NN goes_VBZ on_IN ,_, and_CC an_DT angel_NN still_RB rides_NNS in_IN the_DT whirlwind_JJ and_CC directs_VBZ this_DT storm_NN ._.
",t
"God_NNP bless_VB you_PRP all_DT ,_, and_CC God_NNP bless_VBP America_NNP ._.
",t
"NOTE_VB :_:
",f
The_DT President_NNP spoke_VBD at_IN 12:05_CD p.m._RB at_IN the_DT West_NNP Front_NN of_IN the_DT Capitol_NNP ._.,f
"Prior_RB to_TO the_DT address_NN ,_, Chief_NNP Justice_NNP William_NNP H._NNP Rehnquist_NNP administered_VBD the_DT oath_NN of_IN office_NN ._.
",f
"Citation_NNP :_:
",f
" George_NNP W._NNP Bush_NNP :_:
",f
"``_`` Inaugural_NNP Address_NNP ,_, ''_'' January_NNP 20_CD ,_, 2001_CD ._.",f
"Online_NN by_IN Gerhard_NNP Peters_NNP and_CC John_NNP T._NNP Woolley_NNP ,_, The_NNP American_NNP Presidency_NNP Project_NNP ._.
",f
"http_NN :_:
",f
" //www.presidency.ucsb.edu/ws/_NN ?_.
",f