sentence,Tag
"Inaugural_JJ Address_NNP January_NNP 20_CD ,_, 2009_CD Public_NNP Papers_NNP of_IN the_DT Presidents_NNS Barack_NNP Obama_NNP <_JJR br_NN >_JJR 2009_CD :_:
",f
" Book_VB I_PRP Barack_NNP Obama_NNP 2009_CD :_:
",f
" Book_VB I_PRP Location_NNP :_:
",f
" District_NNP of_IN Columbia_NNP Washington_NNP The_NNP American_NNP Presidency_NNP Project_NNP
",f
"My_PRP$ fellow_JJ citizens_NNS ,_, I_PRP stand_VBP here_RB today_NN humbled_VBN by_IN the_DT task_NN before_IN us_PRP ,_, grateful_JJ for_IN the_DT trust_NN you_PRP have_VBP bestowed_VBN ,_, mindful_JJ of_IN the_DT sacrifices_NNS borne_VBN by_IN our_PRP$ ancestors_NNS ._.",t
"I_PRP thank_VBP President_NNP Bush_NNP for_IN his_PRP$ service_NN to_TO our_PRP$ Nation_NNP ,_, as_RB well_RB as_IN the_DT generosity_NN and_CC cooperation_NN he_PRP has_VBZ shown_VBN throughout_IN this_DT transition_NN ._.
",f
"Forty-four_CD Americans_NNPS have_VBP now_RB taken_VBN the_DT Presidential_JJ oath_NN ._.
",f
"The_DT words_NNS have_VBP been_VBN spoken_VBN during_IN rising_VBG tides_NNS of_IN prosperity_NN and_CC the_DT still_RB waters_NNS of_IN peace_NN ._.
",t
"Yet_CC every_DT so_RB often_RB ,_, the_DT oath_NN is_VBZ taken_VBN amidst_IN gathering_VBG clouds_NNS and_CC raging_VBG storms_NNS ._.
",t
"At_IN these_DT moments_NNS ,_, America_NNP has_VBZ carried_VBN on_IN not_RB simply_RB because_IN of_IN the_DT skill_NN or_CC vision_NN of_IN those_DT in_IN high_JJ office_NN ,_, but_CC because_IN we_PRP the_DT people_NNS have_VBP remained_VBN faithful_JJ to_TO the_DT ideals_NNS of_IN our_PRP$ forebears_NNS and_CC true_JJ to_TO our_PRP$ founding_VBG documents_NNS ._.
",t
"So_IN it_PRP has_VBZ been_VBN ;_:
",f
" so_IN it_PRP must_MD be_VB with_IN this_DT generation_NN of_IN Americans_NNPS ._.
",f
"That_DT we_PRP are_VBP in_IN the_DT midst_NN of_IN crisis_NN is_VBZ now_RB well_RB understood_VBN ._.
",f
"Our_PRP$ Nation_NN is_VBZ at_IN war_NN against_IN a_DT far-reaching_JJ network_NN of_IN violence_NN and_CC hatred_NN ._.
",f
"Our_PRP$ economy_NN is_VBZ badly_RB weakened_VBN ,_, a_DT consequence_NN of_IN greed_NN and_CC irresponsibility_NN on_IN the_DT part_NN of_IN some_DT ,_, but_CC also_RB our_PRP$ collective_JJ failure_NN to_TO make_VB hard_JJ choices_NNS and_CC prepare_VB the_DT Nation_NN for_IN a_DT new_JJ age_NN ._.
",f
"Homes_NNPS have_VBP been_VBN lost_VBN ,_, jobs_NNS shed_VBD ,_, businesses_NNS shuttered_VBD ._.
",t
"Our_PRP$ health_NN care_NN is_VBZ too_RB costly_JJ ._.
",f
"Our_PRP$ schools_NNS fail_VBP too_RB many_JJ ._.
",f
"And_CC each_DT day_NN brings_VBZ further_JJ evidence_NN that_IN the_DT ways_NNS we_PRP use_VBP energy_NN strengthen_VB our_PRP$ adversaries_NNS and_CC threaten_VB our_PRP$ planet_NN ._.
",t
"These_DT are_VBP the_DT indicators_NNS of_IN crisis_NN ,_, subject_JJ to_TO data_NNS and_CC statistics_NNS ._.
",f
"Less_RBR measurable_JJ but_CC no_DT less_JJR profound_JJ is_VBZ a_DT sapping_VBG of_IN confidence_NN across_IN our_PRP$ land_NN ,_, a_DT nagging_JJ fear_NN that_IN America_NNP 's_POS decline_NN is_VBZ inevitable_JJ ,_, that_IN the_DT next_JJ generation_NN must_MD lower_VB its_PRP$ sights_NNS ._.
",f
"Today_NN I_PRP say_VBP to_TO you_PRP that_IN the_DT challenges_NNS we_PRP face_VBP are_VBP real_JJ ._.
",f
"They_PRP are_VBP serious_JJ ,_, and_CC they_PRP are_VBP many_JJ ._.
",t
"They_PRP will_MD not_RB be_VB met_VBN easily_RB or_CC in_IN a_DT short_JJ span_NN of_IN time_NN ._.
",f
"But_CC know_VB this_DT ,_, America_NNP :_:
",f
" They_PRP will_MD be_VB met_VBN ._.
",f
"On_IN this_DT day_NN ,_, we_PRP gather_VBP because_IN we_PRP have_VBP chosen_VBN hope_NN over_IN fear_NN ,_, unity_NN of_IN purpose_NN over_IN conflict_NN and_CC discord_NN ._.
",f
"On_IN this_DT day_NN ,_, we_PRP come_VBP to_TO proclaim_VB an_DT end_NN to_TO the_DT petty_NN grievances_NNS and_CC false_JJ promises_NNS ,_, the_DT recriminations_NNS and_CC worn-out_JJ dogmas_NNS that_WDT for_IN far_RB too_RB long_RB have_VB strangled_VBN our_PRP$ politics_NNS ._.
",t
"We_PRP remain_VBP a_DT young_JJ nation_NN ,_, but_CC in_IN the_DT words_NNS of_IN Scripture_NNP ,_, the_DT time_NN has_VBZ come_VBN to_TO set_VB aside_RB childish_JJ things_NNS ._.
",f
"The_DT time_NN has_VBZ come_VBN to_TO reaffirm_VB our_PRP$ enduring_VBG spirit_NN ,_, to_TO choose_VB our_PRP$ better_JJR history_NN ,_, to_TO carry_VB forward_RP that_DT precious_JJ gift_NN ,_, that_WDT noble_JJ idea_NN passed_VBN on_IN from_IN generation_NN to_TO generation_NN :_:
",t
" the_DT God-given_JJ promise_NN that_IN all_DT are_VBP equal_JJ ,_, all_DT are_VBP free_JJ ,_, and_CC all_DT deserve_VBP a_DT chance_NN to_TO pursue_VB their_PRP$ full_JJ measure_NN of_IN happiness_NN ._.
",t
"In_IN reaffirming_VBG the_DT greatness_NN of_IN our_PRP$ Nation_NNP ,_, we_PRP understand_VBP that_IN greatness_NN is_VBZ never_RB a_DT given_VBN ._.
",f
"It_PRP must_MD be_VB earned_VBN ._.
",f
"Our_PRP$ journey_NN has_VBZ never_RB been_VBN one_CD of_IN shortcuts_NNS or_CC settling_VBG for_IN less_JJR ._.
",f
"It_PRP has_VBZ not_RB been_VBN the_DT path_NN for_IN the_DT fainthearted_VBN ,_, for_IN those_DT who_WP prefer_VBP leisure_NN over_IN work_NN or_CC seek_VB only_RB the_DT pleasures_NNS of_IN riches_NNS and_CC fame_NN ._.
",f
"Rather_RB ,_, it_PRP has_VBZ been_VBN the_DT risk-takers_NNS ,_, the_DT doers_NNS ,_, the_DT makers_NNS of_IN things_NNS --_: some_DT celebrated_JJ ,_, but_CC more_RBR often_RB men_NNS and_CC women_NNS obscure_JJ in_IN their_PRP$ labor_NN --_: who_WP have_VBP carried_VBN us_PRP up_IN the_DT long_JJ ,_, rugged_JJ path_NN toward_IN prosperity_NN and_CC freedom_NN ._.
",t
"For_IN us_PRP ,_, they_PRP packed_VBD up_RP their_PRP$ few_JJ worldly_JJ possessions_NNS and_CC traveled_VBD across_IN oceans_NNS in_IN search_NN of_IN a_DT new_JJ life_NN ._.
",f
"For_IN us_PRP ,_, they_PRP toiled_VBD in_IN sweatshops_NNS and_CC settled_VBD the_DT West_NNP ,_, endured_VBD the_DT lash_VB of_IN the_DT whip_NN ,_, and_CC plowed_VBD the_DT hard_JJ Earth_NNP ._.
",t
"For_IN us_PRP ,_, they_PRP fought_VBD and_CC died_VBD in_IN places_NNS like_IN Concord_NNP and_CC Gettysburg_NNP ,_, Normandy_NNP and_CC Khe_NNP Sanh_NNP ._.
",t
"Time_NNP and_CC again_RB ,_, these_DT men_NNS and_CC women_NNS struggled_VBD and_CC sacrificed_VBD and_CC worked_VBD 'til_RB their_PRP$ hands_NNS were_VBD raw_JJ so_IN that_IN we_PRP might_MD live_VB a_DT better_JJR life_NN ._.
",t
"They_PRP saw_VBD America_NNP as_IN bigger_JJR than_IN the_DT sum_NN of_IN our_PRP$ individual_JJ ambitions_NNS ,_, greater_JJR than_IN all_PDT the_DT differences_NNS of_IN birth_NN or_CC wealth_NN or_CC faction_NN ._.
",f
"This_DT is_VBZ the_DT journey_NN we_PRP continue_VBP today_NN ._.
",f
"We_PRP remain_VBP the_DT most_RBS prosperous_JJ ,_, powerful_JJ nation_NN on_IN Earth_NNP ._.
",f
"Our_PRP$ workers_NNS are_VBP no_RB less_RBR productive_JJ than_IN when_WRB this_DT crisis_NN began_VBD ._.
",f
"Our_PRP$ minds_NNS are_VBP no_RB less_RBR inventive_JJ ._.
",f
"Our_PRP$ goods_NNS and_CC services_NNS no_RB less_RBR needed_VBN than_IN they_PRP were_VBD last_JJ week_NN or_CC last_JJ month_NN or_CC last_JJ year_NN ._.
",t
"Our_PRP$ capacity_NN remains_VBZ undiminished_JJ ._.
",f
"But_CC our_PRP$ time_NN of_IN standing_VBG pat_NN ,_, of_IN protecting_VBG narrow_JJ interests_NNS and_CC putting_VBG off_RP unpleasant_JJ decisions_NNS ,_, that_DT time_NN has_VBZ surely_RB passed_VBN ._.
",t
"Starting_VBG today_NN ,_, we_PRP must_MD pick_VB ourselves_PRP up_RP ,_, dust_NN ourselves_PRP off_RP ,_, and_CC begin_VB again_RB the_DT work_NN of_IN remaking_VBG America_NNP ._.
",t
"For_IN everywhere_RB we_PRP look_VBP ,_, there_EX is_VBZ work_NN to_TO be_VB done_VBN ._.
",f
"The_DT state_NN of_IN the_DT economy_NN calls_VBZ for_IN action_NN ,_, bold_JJ and_CC swift_JJ ,_, and_CC we_PRP will_MD act_VB not_RB only_RB to_TO create_VB new_JJ jobs_NNS but_CC to_TO lay_VB a_DT new_JJ foundation_NN for_IN growth_NN ._.
",f
"We_PRP will_MD build_VB the_DT roads_NNS and_CC bridges_NNS ,_, the_DT electric_JJ grids_NNS and_CC digital_JJ lines_NNS that_WDT feed_VBP our_PRP$ commerce_NN and_CC bind_VBP us_PRP together_RB ._.
",t
"We_PRP will_MD restore_VB science_NN to_TO its_PRP$ rightful_JJ place_NN and_CC wield_VB technology_NN 's_POS wonders_NNS to_TO raise_VB health_NN care_NN 's_POS quality_NN and_CC lower_JJR its_PRP$ cost_NN ._.
",t
"We_PRP will_MD harness_NN the_DT sun_NN and_CC the_DT winds_NNS and_CC the_DT soil_NN to_TO fuel_VB our_PRP$ cars_NNS and_CC run_VB our_PRP$ factories_NNS ._.
",t
"And_CC we_PRP will_MD transform_VB our_PRP$ schools_NNS and_CC colleges_NNS and_CC universities_NNS to_TO meet_VB the_DT demands_NNS of_IN a_DT new_JJ age_NN ._.
",t
"All_PDT this_DT we_PRP can_MD do_VB ._.
",f
"All_PDT this_DT we_PRP will_MD do_VB ._.
",f
"Now_RB ,_, there_EX are_VBP some_DT who_WP question_VBP the_DT scale_NN of_IN our_PRP$ ambitions_NNS ,_, who_WP suggest_VBP that_IN our_PRP$ system_NN can_MD not_RB tolerate_VB too_RB many_JJ big_JJ plans_NNS ._.
",f
"Their_PRP$ memories_NNS are_VBP short_JJ ,_, for_IN they_PRP have_VBP forgotten_VBN what_WP this_DT country_NN has_VBZ already_RB done_VBN ,_, what_WDT free_JJ men_NNS and_CC women_NNS can_MD achieve_VB when_WRB imagination_NN is_VBZ joined_VBN to_TO common_JJ purpose_NN and_CC necessity_NN to_TO courage_NN ._.
",f
"What_WP the_DT cynics_NNS fail_VBP to_TO understand_VB is_VBZ that_IN the_DT ground_NN has_VBZ shifted_VBN beneath_IN them_PRP ,_, that_IN the_DT stale_JJ political_JJ arguments_NNS that_WDT have_VBP consumed_VBN us_PRP for_IN so_RB long_JJ no_RB longer_RB apply_VB ._.
",f
"The_DT question_NN we_PRP ask_VBP today_NN is_VBZ not_RB whether_IN our_PRP$ Government_NN is_VBZ too_RB big_JJ or_CC too_RB small_JJ ,_, but_CC whether_IN it_PRP works_VBZ ;_:
",t
" whether_IN it_PRP helps_VBZ families_NNS find_VB jobs_NNS at_IN a_DT decent_JJ wage_NN ,_, care_NN they_PRP can_MD afford_VB ,_, a_DT retirement_NN that_WDT is_VBZ dignified_JJ ._.
",f
"Where_WRB the_DT answer_NN is_VBZ yes_RB ,_, we_PRP intend_VBP to_TO move_VB forward_RB ._.
",f
"Where_WRB the_DT answer_NN is_VBZ no_DT ,_, programs_NNS will_MD end_VB ._.
",f
"And_CC those_DT of_IN us_PRP who_WP manage_VBP the_DT public_NN 's_POS dollars_NNS will_MD be_VB held_VBN to_TO account_VB to_TO spend_VB wisely_RB ,_, reform_NN bad_JJ habits_NNS ,_, and_CC do_VB our_PRP$ business_NN in_IN the_DT light_NN of_IN day_NN ,_, because_IN only_RB then_RB can_MD we_PRP restore_VB the_DT vital_JJ trust_NN between_IN a_DT people_NNS and_CC their_PRP$ government_NN ._.
",f
"Nor_CC is_VBZ the_DT question_NN before_IN us_PRP whether_IN the_DT market_NN is_VBZ a_DT force_NN for_IN good_JJ or_CC ill_JJ ._.
",f
Its_PRP$ power_NN to_TO generate_VB wealth_NN and_CC expand_VB freedom_NN is_VBZ unmatched_JJ ._.,t
"But_CC this_DT crisis_NN has_VBZ reminded_VBN us_PRP that_WDT without_IN a_DT watchful_JJ eye_NN ,_, the_DT market_NN can_MD spin_VB out_IN of_IN control_NN ._.
",f
"The_DT Nation_NN can_MD not_RB prosper_VB long_RB when_WRB it_PRP favors_VBZ only_RB the_DT prosperous_JJ ._.
",f
"The_DT success_NN of_IN our_PRP$ economy_NN has_VBZ always_RB depended_VBD not_RB just_RB on_IN the_DT size_NN of_IN our_PRP$ gross_JJ domestic_JJ product_NN ,_, but_CC on_IN the_DT reach_NN of_IN our_PRP$ prosperity_NN ,_, on_IN our_PRP$ ability_NN to_TO extend_VB opportunity_NN to_TO every_DT willing_JJ heart_NN ,_, not_RB out_IN of_IN charity_NN ,_, but_CC because_IN it_PRP is_VBZ the_DT surest_JJS route_NN to_TO our_PRP$ common_JJ good_JJ ._.
",t
"As_IN for_IN our_PRP$ common_JJ defense_NN ,_, we_PRP reject_VBP as_IN false_JJ the_DT choice_NN between_IN our_PRP$ safety_NN and_CC our_PRP$ ideals_NNS ._.
",t
"Our_PRP$ Founding_VBG Fathers_NNS ,_, faced_VBN with_IN perils_NNS that_IN we_PRP can_MD scarcely_RB imagine_VB ,_, drafted_VBD a_DT charter_NN to_TO assure_VB the_DT rule_NN of_IN law_NN and_CC the_DT rights_NNS of_IN man_NN ,_, a_DT charter_NN expanded_VBN by_IN the_DT blood_NN of_IN generations_NNS ._.
",t
"Those_DT ideals_NNS still_RB light_VBP the_DT world_NN ,_, and_CC we_PRP will_MD not_RB give_VB them_PRP up_RP for_IN expedience_NN 's_POS sake_NN ._.
",f
"And_CC so_RB to_TO all_PDT the_DT other_JJ peoples_NNS and_CC governments_NNS who_WP are_VBP watching_VBG today_NN ,_, from_IN the_DT grandest_JJS capitals_NNS to_TO the_DT small_JJ village_NN where_WRB my_PRP$ father_NN was_VBD born_VBN ,_, know_VBP that_IN America_NNP is_VBZ a_DT friend_NN of_IN each_DT nation_NN and_CC every_DT man_NN ,_, woman_NN ,_, and_CC child_NN who_WP seeks_VBZ a_DT future_NN of_IN peace_NN and_CC dignity_NN ,_, and_CC we_PRP are_VBP ready_JJ to_TO lead_VB once_RB more_JJR ._.
",t
"Recall_VB that_DT earlier_JJR generations_NNS faced_VBD down_RP fascism_NN and_CC communism_NN not_RB just_RB with_IN missiles_NNS and_CC tanks_NNS but_CC with_IN sturdy_JJ alliances_NNS and_CC enduring_VBG convictions_NNS ._.
",t
"They_PRP understood_VBD that_IN our_PRP$ power_NN alone_RB can_MD not_RB protect_VB us_PRP ,_, nor_CC does_VBZ it_PRP entitle_VB us_PRP to_TO do_VB as_IN we_PRP please_VBP ._.
",f
"Instead_RB ,_, they_PRP knew_VBD that_IN our_PRP$ power_NN grows_VBZ through_IN its_PRP$ prudent_JJ use_NN ._.
",f
"Our_PRP$ security_NN emanates_VBZ from_IN the_DT justness_NN of_IN our_PRP$ cause_NN ,_, the_DT force_NN of_IN our_PRP$ example_NN ,_, the_DT tempering_VBG qualities_NNS of_IN humility_NN and_CC restraint_NN ._.
",t
"We_PRP are_VBP the_DT keepers_NNS of_IN this_DT legacy_NN ._.
",f
"Guided_VBN by_IN these_DT principles_NNS once_RB more_RBR ,_, we_PRP can_MD meet_VB those_DT new_JJ threats_NNS that_WDT demand_VBP even_RB greater_JJR effort_NN ,_, even_RB greater_JJR cooperation_NN and_CC understanding_NN between_IN nations_NNS ._.
",f
"We_PRP will_MD begin_VB to_TO responsibly_RB leave_VB Iraq_NNP to_TO its_PRP$ people_NNS and_CC forge_VB a_DT hard-earned_JJ peace_NN in_IN Afghanistan_NNP ._.
",f
"With_IN old_JJ friends_NNS and_CC former_JJ foes_NNS ,_, we_PRP will_MD work_VB tirelessly_RB to_TO lessen_VB the_DT nuclear_JJ threat_NN and_CC roll_NN back_RB the_DT specter_NN of_IN a_DT warming_NN planet_NN ._.
",t
"We_PRP will_MD not_RB apologize_VB for_IN our_PRP$ way_NN of_IN life_NN ,_, nor_CC will_MD we_PRP waver_VB in_IN its_PRP$ defense_NN ._.
",t
"And_CC for_IN those_DT who_WP seek_VBP to_TO advance_VB their_PRP$ aims_NNS by_IN inducing_VBG terror_NN and_CC slaughtering_VBG innocents_NNS ,_, we_PRP say_VBP to_TO you_PRP now_RB that_IN our_PRP$ spirit_NN is_VBZ stronger_JJR and_CC can_MD not_RB be_VB broken_VBN ._.
",t
"You_PRP can_MD not_RB outlast_VB us_PRP ,_, and_CC we_PRP will_MD defeat_VB you_PRP ._.
",t
"For_IN we_PRP know_VBP that_IN our_PRP$ patchwork_NN heritage_NN is_VBZ a_DT strength_NN ,_, not_RB a_DT weakness_NN ._.
",f
"We_PRP are_VBP a_DT nation_NN of_IN Christians_NNS and_CC Muslims_NNPS ,_, Jews_NNPS and_CC Hindus_NNPS and_CC nonbelievers_NNS ._.
",t
"We_PRP are_VBP shaped_VBN by_IN every_DT language_NN and_CC culture_NN ,_, drawn_VBN from_IN every_DT end_NN of_IN this_DT Earth_NNP ._.
",t
"And_CC because_IN we_PRP have_VBP tasted_VBN the_DT bitter_JJ swill_NN of_IN civil_JJ war_NN and_CC segregation_NN and_CC emerged_VBD from_IN that_DT dark_JJ chapter_NN stronger_JJR and_CC more_RBR united_VBN ,_, we_PRP can_MD not_RB help_VB but_CC believe_VB that_IN the_DT old_JJ hatreds_NNS shall_MD someday_RB pass_VB ,_, that_IN the_DT lines_NNS of_IN tribe_NN shall_MD soon_RB dissolve_VB ;_:
",t
" that_DT as_IN the_DT world_NN grows_VBZ smaller_JJR ,_, our_PRP$ common_JJ humanity_NN shall_MD reveal_VB itself_PRP ,_, and_CC that_IN America_NNP must_MD play_VB its_PRP$ role_NN in_IN ushering_VBG in_IN a_DT new_JJ era_NN of_IN peace_NN ._.
",f
"To_TO the_DT Muslim_JJ world_NN ,_, we_PRP seek_VBP a_DT new_JJ way_NN forward_RB based_VBN on_IN mutual_JJ interest_NN and_CC mutual_JJ respect_NN ._.
",t
"To_TO those_DT leaders_NNS around_IN the_DT globe_NN who_WP seek_VBP to_TO sow_VB conflict_NN or_CC blame_VB their_PRP$ society_NN 's_POS ills_NNS on_IN the_DT West_NNP ,_, know_VBP that_IN your_PRP$ people_NNS will_MD judge_VB you_PRP on_IN what_WP you_PRP can_MD build_VB ,_, not_RB what_WP you_PRP destroy_VBP ._.
",t
"To_TO those_DT who_WP cling_VBP to_TO power_NN through_IN corruption_NN and_CC deceit_NN and_CC the_DT silencing_NN of_IN dissent_NN ,_, know_VBP that_IN you_PRP are_VBP on_IN the_DT wrong_JJ side_NN of_IN history_NN ,_, but_CC that_IN we_PRP will_MD extend_VB a_DT hand_NN if_IN you_PRP are_VBP willing_JJ to_TO unclench_VB your_PRP$ fist_NN ._.
",f
"To_TO the_DT people_NNS of_IN poor_JJ nations_NNS ,_, we_PRP pledge_NN to_TO work_VB alongside_IN you_PRP to_TO make_VB your_PRP$ farms_NNS flourish_VB and_CC let_VB clean_JJ waters_NNS flow_NN ,_, to_TO nourish_VB starved_VBN bodies_NNS and_CC feed_NN hungry_JJ minds_NNS ._.
",t
"And_CC to_TO those_DT nations_NNS like_IN ours_JJ that_IN enjoy_VBP relative_JJ plenty_NN ,_, we_PRP say_VBP we_PRP can_MD no_RB longer_RB afford_VB indifference_NN to_TO suffering_VBG outside_IN our_PRP$ borders_NNS ,_, nor_CC can_MD we_PRP consume_VB the_DT world_NN 's_POS resources_NNS without_IN regard_NN to_TO effect_NN ,_, for_IN the_DT world_NN has_VBZ changed_VBN ,_, and_CC we_PRP must_MD change_VB with_IN it_PRP ._.
",f
"As_IN we_PRP consider_VBP the_DT road_NN that_WDT unfolds_VBZ before_IN us_PRP ,_, we_PRP remember_VBP with_IN humble_JJ gratitude_NN those_DT brave_VBP Americans_NNPS who_WP ,_, at_IN this_DT very_RB hour_NN ,_, patrol_NN far-off_JJ deserts_NNS and_CC distant_JJ mountains_NNS ._.
",t
"They_PRP have_VBP something_NN to_TO tell_VB us_PRP today_NN ,_, just_RB as_IN the_DT fallen_VBN heroes_NNS who_WP lie_VBP in_IN Arlington_NNP whisper_NN through_IN the_DT ages_NNS ._.
",f
"We_PRP honor_VBP them_PRP not_RB only_RB because_IN they_PRP are_VBP guardians_NNS of_IN our_PRP$ liberty_NN ,_, but_CC because_IN they_PRP embody_VBP the_DT spirit_NN of_IN service_NN ,_, a_DT willingness_NN to_TO find_VB meaning_NN in_IN something_NN greater_JJR than_IN themselves_PRP ._.
",t
"And_CC yet_RB at_IN this_DT moment_NN ,_, a_DT moment_NN that_WDT will_MD define_VB a_DT generation_NN ,_, it_PRP is_VBZ precisely_RB this_DT spirit_NN that_WDT must_MD inhabit_VB us_PRP all_DT ._.
",f
"For_IN as_RB much_JJ as_IN Government_NN can_MD do_VB and_CC must_MD do_VB ,_, it_PRP is_VBZ ultimately_RB the_DT faith_NN and_CC determination_NN of_IN the_DT American_JJ people_NNS upon_IN which_WDT this_DT Nation_NN relies_VBZ ._.
",t
"It_PRP is_VBZ the_DT kindness_NN to_TO take_VB in_RP a_DT stranger_NN when_WRB the_DT levees_NNS break_NN ,_, the_DT selflessness_NN of_IN workers_NNS who_WP would_MD rather_RB cut_VB their_PRP$ hours_NNS than_IN see_VB a_DT friend_NN lose_VBP their_PRP$ job_NN ,_, which_WDT sees_VBZ us_PRP through_IN our_PRP$ darkest_JJS hours_NNS ._.
",f
"It_PRP is_VBZ the_DT firefighter_NN 's_POS courage_NN to_TO storm_VB a_DT stairway_NN filled_VBN with_IN smoke_NN ,_, but_CC also_RB a_DT parent_NN 's_POS willingness_NN to_TO nurture_VB a_DT child_NN ,_, that_WDT finally_RB decides_VBZ our_PRP$ fate_NN ._.
",f
"Our_PRP$ challenges_NNS may_MD be_VB new_JJ ._.
",f
"The_DT instruments_NNS with_IN which_WDT we_PRP meet_VBP them_PRP may_MD be_VB new_JJ ._.
",f
"But_CC those_DT values_NNS upon_IN which_WDT our_PRP$ success_NN depends_VBZ --_: honesty_NN and_CC hard_JJ work_NN ,_, courage_NN and_CC fair_JJ play_NN ,_, tolerance_NN and_CC curiosity_NN ,_, loyalty_NN and_CC patriotism_NN --_: these_DT things_NNS are_VBP old_JJ ._.
",t
"These_DT things_NNS are_VBP true_JJ ._.
",f
"They_PRP have_VBP been_VBN the_DT quiet_JJ force_NN of_IN progress_NN throughout_IN our_PRP$ history_NN ._.
",f
"What_WP is_VBZ demanded_VBN then_RB is_VBZ a_DT return_NN to_TO these_DT truths_NNS ._.
",f
"What_WP is_VBZ required_VBN of_IN us_PRP now_RB is_VBZ a_DT new_JJ era_NN of_IN responsibility_NN ,_, a_DT recognition_NN on_IN the_DT part_NN of_IN every_DT American_JJ that_IN we_PRP have_VBP duties_NNS to_TO ourselves_PRP ,_, our_PRP$ Nation_NNP ,_, and_CC the_DT world_NN ._.
",f
"Duties_NNS that_IN we_PRP do_VBP not_RB grudgingly_RB accept_VB but_CC ,_, rather_RB ,_, seize_VB gladly_RB ,_, firm_NN in_IN the_DT knowledge_NN that_IN there_EX is_VBZ nothing_NN so_IN satisfying_VBG to_TO the_DT spirit_NN ,_, so_RB defining_VBG of_IN our_PRP$ character_NN ,_, than_IN giving_VBG our_PRP$ all_DT to_TO a_DT difficult_JJ task_NN ._.
",t
"This_DT is_VBZ the_DT price_NN and_CC the_DT promise_NN of_IN citizenship_NN ._.
",t
"This_DT is_VBZ the_DT source_NN of_IN our_PRP$ confidence_NN ,_, the_DT knowledge_NN that_WDT God_NNP calls_VBZ on_IN us_PRP to_TO shape_VB an_DT uncertain_JJ destiny_NN ._.
",f
"This_DT is_VBZ the_DT meaning_NN of_IN our_PRP$ liberty_NN and_CC our_PRP$ creed_NN ;_:
",t
" why_WRB men_NNS and_CC women_NNS and_CC children_NNS of_IN every_DT race_NN and_CC every_DT faith_NN can_MD join_VB in_IN celebration_NN across_IN this_DT magnificent_JJ Mall_NN ,_, and_CC why_WRB a_DT man_NN whose_WP$ father_NN less_JJR than_IN 60_CD years_NNS ago_IN might_MD not_RB have_VB been_VBN served_VBN at_IN a_DT local_JJ restaurant_NN can_MD now_RB stand_VB before_IN you_PRP to_TO take_VB a_DT most_RBS sacred_JJ oath_NN ._.
",t
"So_CC let_VB us_PRP mark_VB this_DT day_NN with_IN remembrance_NN of_IN who_WP we_PRP are_VBP and_CC how_WRB far_RB we_PRP have_VBP traveled_VBN ._.
",f
"In_IN the_DT year_NN of_IN America_NNP 's_POS birth_NN ,_, in_IN the_DT coldest_JJS of_IN months_NNS ,_, a_DT small_JJ band_NN of_IN patriots_NNS huddled_VBN by_IN dying_VBG campfires_NNS on_IN the_DT shores_NNS of_IN an_DT icy_NN river_NN ._.
",t
"The_DT Capital_NN was_VBD abandoned_VBN ._.
",f
"The_DT enemy_NN was_VBD advancing_VBG ._.
",f
"The_DT snow_NN was_VBD stained_VBN with_IN blood_NN ._.
",f
"At_IN a_DT moment_NN when_WRB the_DT outcome_NN of_IN our_PRP$ Revolution_NN was_VBD most_RBS in_IN doubt_NN ,_, the_DT Father_NN of_IN our_PRP$ Nation_NN ordered_VBD these_DT words_NNS be_VB read_VBN to_TO the_DT people_NNS :_:
",f
" ''_'' Let_VB it_PRP be_VB told_VBN to_TO the_DT future_JJ world_NN ._.
",f
"._.
",f
"._.
",f
"that_WDT in_IN the_DT depth_NN of_IN winter_NN ,_, when_WRB nothing_NN but_CC hope_NN and_CC virtue_NN could_MD survive_VB ._.
",f
"._.
",f
"._.
",f
"that_IN the_DT city_NN and_CC the_DT country_NN ,_, alarmed_VBN at_IN one_CD common_JJ danger_NN ,_, came_VBD forth_RB to_TO meet_VB [_SYM it_PRP ]_RB ._.
",t
"''_'' America_NNP ,_, in_IN the_DT face_NN of_IN our_PRP$ common_JJ dangers_NNS ,_, in_IN this_DT winter_NN of_IN our_PRP$ hardship_NN ,_, let_VB us_PRP remember_VB these_DT timeless_JJ words_NNS ._.
",t
"With_IN hope_NN and_CC virtue_NN ,_, let_VB us_PRP brave_VB once_RB more_JJR the_DT icy_NN currents_NNS and_CC endure_VB what_WP storms_NNS may_MD come_VB ._.
",f
"Let_VB it_PRP be_VB said_VBN by_IN our_PRP$ children_NNS 's_POS children_NNS that_IN when_WRB we_PRP were_VBD tested_VBN ,_, we_PRP refused_VBD to_TO let_VB this_DT journey_NN end_NN ;_:
",f
" that_IN we_PRP did_VBD not_RB turn_VB back_RB ,_, nor_CC did_VBD we_PRP falter_VBP ._.
",t
"And_CC with_IN eyes_NNS fixed_VBN on_IN the_DT horizon_NN and_CC God_NNP 's_POS grace_NN upon_IN us_PRP ,_, we_PRP carried_VBD forth_RB that_IN great_JJ gift_NN of_IN freedom_NN and_CC delivered_VBN it_PRP safely_RB to_TO future_JJ generations_NNS ._.
",f
"Thank_VB you_PRP ._.
",f
"God_NNP bless_VB you_PRP ,_, and_CC God_NNP bless_VBP the_DT United_NNP States_NNPS of_IN America_NNP ._.
",f
"Note_NN :_:
",f
" The_DT President_NNP spoke_VBD at_IN approximately_RB 12_CD p.m._NN at_IN the_DT West_NNP Front_NN of_IN the_DT U.S._NNP Capitol_NNP ._.
",f
"Prior_RB to_TO the_DT address_NN ,_, Chief_NNP Justice_NNP John_NNP G._NNP Roberts_NNP ,_, Jr._NNP ,_, administered_VBN the_DT oath_NN of_IN office_NN ._.
",f
"The_DT transcript_NN was_VBD released_VBN by_IN the_DT Office_NNP of_IN the_DT Press_NNP Secretary_NNP on_IN January_NNP 21_CD ._.
",f
"Citation_NNP :_:
",f
" Barack_NNP Obama_NNP :_:
",f
" ``_`` Inaugural_NNP Address_NNP ,_, ''_'' January_NNP 20_CD ,_, 2009_CD ._.
",f
"Online_NN by_IN Gerhard_NNP Peters_NNP and_CC John_NNP T._NNP Woolley_NNP ,_, The_NNP American_NNP Presidency_NNP Project_NNP ._.
",f
"http_NN :_:
",f
" //www.presidency.ucsb.edu/ws/_NN ?_.
",f