sentence,Tag
"58_CD -_: Inaugural_NNP Address_NNP January_NNP 20_CD ,_, 2017_CD Donald_NNP J._NNP Trump_NNP Daily_NNP Compilation_NNP of_IN Presidential_NNP Documents_NNS Location_NNP :_:
",f
 District_NNP of_IN Columbia_NNP Washington_NNP The_NNP American_NNP Presidency_NNP Project_NNP,f
"Chief_NNP Justice_NNP Roberts_NNP ,_, President_NNP Carter_NNP ,_, President_NNP Clinton_NNP ,_, President_NNP Bush_NNP ,_, President_NNP Obama_NNP ,_, fellow_JJ Americans_NNPS ,_, and_CC people_NNS of_IN the_DT world_NN :_:",t
" Thank_VB you_PRP ._.
",f
"We_PRP ,_, the_DT citizens_NNS of_IN America_NNP ,_, are_VBP now_RB joined_VBN in_IN a_DT great_JJ national_JJ effort_NN to_TO rebuild_VB our_PRP$ country_NN and_CC restore_VB its_PRP$ promise_NN for_IN all_DT of_IN our_PRP$ people_NNS ._.
",t
"Together_RB ,_, we_PRP will_MD determine_VB the_DT course_NN of_IN America_NNP and_CC the_DT world_NN for_IN many_JJ ,_, many_JJ years_NNS to_TO come_VB ._.
",f
"We_PRP will_MD face_VB challenges_NNS ,_, we_PRP will_MD confront_VB hardships_NNS ,_, but_CC we_PRP will_MD get_VB the_DT job_NN done_VBN ._.
",t
"Every_DT 4_CD years_NNS ,_, we_PRP gather_VBP on_IN these_DT steps_NNS to_TO carry_VB out_RP the_DT orderly_JJ and_CC peaceful_JJ transfer_NN of_IN power_NN ,_, and_CC we_PRP are_VBP grateful_JJ to_TO President_NNP Obama_NNP and_CC First_NNP Lady_NNP Michelle_NNP Obama_NNP for_IN their_PRP$ gracious_JJ aid_NN throughout_IN this_DT transition_NN ._.
",f
"They_PRP have_VBP been_VBN magnificent_JJ ._.
",f
"Thank_VB you_PRP ._.
",f
"Today_NN 's_POS ceremony_NN ,_, however_RB ,_, has_VBZ very_RB special_JJ meaning_NN ._.
",f
"Because_IN today_NN we_PRP are_VBP not_RB merely_RB transferring_VBG power_NN from_IN one_CD administration_NN to_TO another_DT or_CC from_IN one_CD party_NN to_TO another_DT ,_, but_CC we_PRP are_VBP transferring_VBG power_NN from_IN Washington_NNP ,_, DC_NNP ,_, and_CC giving_VBG it_PRP back_RB to_TO you_PRP ,_, the_DT people_NNS ._.
",t
"For_IN too_RB long_RB ,_, a_DT small_JJ group_NN in_IN our_PRP$ Nation_NNP 's_POS Capital_NNP has_VBZ reaped_VBN the_DT rewards_NNS of_IN Government_NN while_IN the_DT people_NNS have_VBP borne_VBN the_DT cost_NN ._.
",f
"Washington_NNP flourished_VBD ,_, but_CC the_DT people_NNS did_VBD not_RB share_NN in_IN its_PRP$ wealth_NN ._.
",f
"Politicians_NNS prospered_VBD ,_, but_CC the_DT jobs_NNS left_VBD ,_, and_CC the_DT factories_NNS closed_VBD ._.
",t
"The_DT establishment_NN protected_VBD itself_PRP ,_, but_CC not_RB the_DT citizens_NNS of_IN our_PRP$ country_NN ._.
",f
"Their_PRP$ victories_NNS have_VBP not_RB been_VBN your_PRP$ victories_NNS ;_:
",f
" their_PRP$ triumphs_NNS have_VBP not_RB been_VBN your_PRP$ triumphs_NNS ;_:
",f
" and_CC while_IN they_PRP celebrated_VBD in_IN our_PRP$ Nation_NNP 's_POS Capital_NNP ,_, there_EX was_VBD little_JJ to_TO celebrate_VB for_IN struggling_VBG families_NNS all_DT across_IN our_PRP$ land_NN ._.
",f
"That_DT all_DT changes_NNS ,_, starting_VBG right_RB here_RB and_CC right_RB now_RB ,_, because_IN this_DT moment_NN is_VBZ your_PRP$ moment_NN :_:
",t
" It_PRP belongs_VBZ to_TO you_PRP ._.
",f
"It_PRP belongs_VBZ to_TO everyone_NN gathered_VBN here_RB today_NN and_CC everyone_NN watching_VBG all_DT across_IN America_NNP ._.
",f
"This_DT is_VBZ your_PRP$ day_NN ._.
",f
"This_DT is_VBZ your_PRP$ celebration_NN ._.
",f
"And_CC this_DT ,_, the_DT United_NNP States_NNPS of_IN America_NNP ,_, is_VBZ your_PRP$ country_NN ._.
",f
"What_WDT truly_RB matters_VBZ is_VBZ not_RB which_WDT party_NN controls_VBZ our_PRP$ Government_NN ,_, but_CC whether_IN our_PRP$ Government_NN is_VBZ controlled_VBN by_IN the_DT people_NNS ._.
",f
"January_NNP 20_CD ,_, 2017_CD ,_, will_MD be_VB remembered_VBN as_IN the_DT day_NN the_DT people_NNS became_VBD the_DT rulers_NNS of_IN this_DT Nation_NN again_RB ._.
",f
"The_DT forgotten_VBN men_NNS and_CC women_NNS of_IN our_PRP$ country_NN will_MD be_VB forgotten_VBN no_RB longer_RBR ._.
",f
"Everyone_NN is_VBZ listening_VBG to_TO you_PRP now_RB ._.
",f
"You_PRP came_VBD by_IN the_DT tens_NNS of_IN millions_NNS to_TO become_VB part_NN of_IN a_DT historic_JJ movement_NN the_DT likes_NN of_IN which_WDT the_DT world_NN has_VBZ never_RB seen_VBN before_IN ._.
",f
"At_IN the_DT center_NN of_IN this_DT movement_NN is_VBZ a_DT crucial_JJ conviction_NN :_:
",f
" that_IN a_DT nation_NN exists_VBZ to_TO serve_VB its_PRP$ citizens_NNS ._.
",f
"Americans_NNPS want_VBP great_JJ schools_NNS for_IN their_PRP$ children_NNS ,_, safe_JJ neighborhoods_NNS for_IN their_PRP$ families_NNS ,_, and_CC good_JJ jobs_NNS for_IN themselves_PRP ._.
",t
"These_DT are_VBP just_RB and_CC reasonable_JJ demands_NNS of_IN righteous_JJ people_NNS and_CC a_DT righteous_JJ public_NN ._.
",t
"But_CC for_IN too_RB many_JJ of_IN our_PRP$ citizens_NNS ,_, a_DT different_JJ reality_NN exists_VBZ :_:
",f
" Mothers_NNS and_CC children_NNS trapped_VBN in_IN poverty_NN in_IN our_PRP$ inner_JJ cities_NNS ;_:
",f
" rusted-out_JJ factories_NNS scattered_VBN like_IN tombstones_NNS across_IN the_DT landscape_NN of_IN our_PRP$ Nation_NN ;_:
",f
" an_DT education_NN system_NN ,_, flush_NN with_IN cash_NN ,_, but_CC which_WDT leaves_VBZ our_PRP$ young_JJ and_CC beautiful_JJ students_NNS deprived_VBN of_IN all_DT knowledge_NN ;_:
",f
" and_CC the_DT crime_NN and_CC the_DT gangs_NNS and_CC the_DT drugs_NNS that_WDT have_VBP stolen_VBN too_RB many_JJ lives_NNS and_CC robbed_VBN our_PRP$ country_NN of_IN so_RB much_JJ unrealized_JJ potential_NN ._.
",t
"This_DT American_JJ carnage_NN stops_VBZ right_RB here_RB and_CC stops_VBZ right_RB now_RB ._.
",t
"We_PRP are_VBP one_CD Nation_NNP ,_, and_CC their_PRP$ pain_NN is_VBZ our_PRP$ pain_NN ,_, their_PRP$ dreams_NNS are_VBP our_PRP$ dreams_NNS ,_, and_CC their_PRP$ success_NN will_MD be_VB our_PRP$ success_NN ._.
",t
"We_PRP share_VBP one_CD heart_NN ,_, one_CD home_NN ,_, and_CC one_CD glorious_JJ destiny_NN ._.
",t
"The_DT oath_NN of_IN office_NN I_PRP take_VBP today_NN is_VBZ an_DT oath_NN of_IN allegiance_NN to_TO all_DT Americans_NNPS ._.
",f
"For_IN many_JJ decades_NNS ,_, we_PRP 've_VBP enriched_VBN foreign_JJ industry_NN at_IN the_DT expense_NN of_IN American_JJ industry_NN ,_, subsidized_VBD the_DT armies_NNS of_IN other_JJ countries_NNS while_IN allowing_VBG for_IN the_DT very_RB sad_JJ depletion_NN of_IN our_PRP$ military_NN ._.
",f
"We_PRP 've_VBP defended_VBN other_JJ nations_NNS '_POS borders_NNS while_IN refusing_VBG to_TO defend_VB our_PRP$ own_JJ and_CC spent_VBD trillions_NNS and_CC trillions_NNS of_IN dollars_NNS overseas_RB while_IN America_NNP 's_POS infrastructure_NN has_VBZ fallen_VBN into_IN disrepair_NN and_CC decay_NN ._.
",f
"We_PRP 've_VBP made_VBN other_JJ countries_NNS rich_JJ while_IN the_DT wealth_NN ,_, strength_NN ,_, and_CC confidence_NN of_IN our_PRP$ country_NN has_VBZ dissipated_VBN over_IN the_DT horizon_NN ._.
",t
"One_CD by_IN one_CD ,_, the_DT factories_NNS shuttered_VBD and_CC left_VBD our_PRP$ shores_NNS ,_, with_IN not_RB even_RB a_DT thought_VBN about_IN the_DT millions_NNS and_CC millions_NNS of_IN American_JJ workers_NNS that_WDT were_VBD left_VBN behind_RB ._.
",f
"The_DT wealth_NN of_IN our_PRP$ middle_JJ class_NN has_VBZ been_VBN ripped_VBN from_IN their_PRP$ homes_NNS and_CC then_RB redistributed_VBD all_DT across_IN the_DT world_NN ._.
",f
"But_CC that_DT is_VBZ the_DT past_NN ._.
",f
"And_CC now_RB we_PRP are_VBP looking_VBG only_RB to_TO the_DT future_NN ._.
",f
"We_PRP ,_, assembled_VBN here_RB today_NN ,_, are_VBP issuing_VBG a_DT new_JJ decree_NN to_TO be_VB heard_VBN in_IN every_DT city_NN ,_, in_IN every_DT foreign_JJ capital_NN ,_, and_CC in_IN every_DT hall_NN of_IN power_NN ._.
",t
"From_IN this_DT day_NN forward_RB ,_, a_DT new_JJ vision_NN will_MD govern_VB our_PRP$ land_NN ._.
",f
"From_IN this_DT this_DT day_NN forward_RB ,_, it_PRP 's_VBZ going_VBG to_TO be_VB only_RB America_NNP first_RB ._.
",f
"America_NNP first_RB ._.
",f
"Every_DT decision_NN on_IN trade_NN ,_, on_IN taxes_NNS ,_, on_IN immigration_NN ,_, on_IN foreign_JJ affairs_NNS ,_, will_MD be_VB made_VBN to_TO benefit_VB American_JJ workers_NNS and_CC American_JJ families_NNS ._.
",t
"We_PRP must_MD protect_VB our_PRP$ borders_NNS from_IN the_DT ravages_NNS of_IN other_JJ countries_NNS making_VBG our_PRP$ products_NNS ,_, stealing_VBG our_PRP$ companies_NNS ,_, and_CC destroying_VBG our_PRP$ jobs_NNS ._.
",t
"Protection_NNP will_MD lead_VB to_TO great_JJ prosperity_NN and_CC strength_NN ._.
",f
"I_PRP will_MD fight_VB for_IN you_PRP with_IN every_DT breath_NN in_IN my_PRP$ body_NN ,_, and_CC I_PRP will_MD never_RB ,_, ever_RB let_VB you_PRP down_RP ._.
",f
"America_NNP will_MD start_VB winning_VBG again_RB ,_, winning_VBG like_IN never_RB before_RB ._.
",f
"We_PRP will_MD bring_VB back_RP our_PRP$ jobs_NNS ._.
",f
"We_PRP will_MD bring_VB back_RP our_PRP$ borders_NNS ._.
",f
"We_PRP will_MD bring_VB back_RP our_PRP$ wealth_NN ._.
",f
"And_CC we_PRP will_MD bring_VB back_RP our_PRP$ dreams_NNS ._.
",f
"We_PRP will_MD build_VB new_JJ roads_NNS and_CC highways_NNS and_CC bridges_NNS and_CC airports_NNS and_CC tunnels_NNS and_CC railways_NNS all_DT across_IN our_PRP$ wonderful_JJ Nation_NN ._.
",t
"We_PRP will_MD get_VB our_PRP$ people_NNS off_IN of_IN welfare_NN and_CC back_RB to_TO work_VB ,_, rebuilding_VBG our_PRP$ country_NN with_IN American_JJ hands_NNS and_CC American_JJ labor_NN ._.
",t
"We_PRP will_MD follow_VB two_CD simple_JJ rules_NNS :_:
",f
" Buy_VB American_JJ and_CC hire_VB American_JJ ._.
",t
"We_PRP will_MD seek_VB friendship_NN and_CC good_NN will_MD with_IN the_DT nations_NNS of_IN the_DT world_NN ,_, but_CC we_PRP do_VBP so_RB with_IN the_DT understanding_NN that_IN it_PRP is_VBZ the_DT right_NN of_IN all_DT nations_NNS to_TO put_VB their_PRP$ own_JJ interests_NNS first_RB ._.
",f
"We_PRP do_VBP not_RB seek_VB to_TO impose_VB our_PRP$ way_NN of_IN life_NN on_IN anyone_NN ,_, but_CC rather_RB to_TO let_VB it_PRP shine_VB as_IN an_DT example—we_NN will_MD shine—for_VB everyone_NN to_TO follow_VB ._.
",f
"We_PRP will_MD reinforce_VB old_JJ alliances_NNS and_CC form_VB new_JJ ones_NNS and_CC unite_VB the_DT civilized_JJ world_NN against_IN radical_JJ Islamic_JJ terrorism_NN ,_, which_WDT we_PRP will_MD eradicate_VB completely_RB from_IN the_DT face_NN of_IN the_DT Earth_NNP ._.
",t
"At_IN the_DT bedrock_NN of_IN our_PRP$ politics_NNS will_MD be_VB a_DT total_JJ allegiance_NN to_TO the_DT United_NNP States_NNPS of_IN America_NNP ,_, and_CC through_IN our_PRP$ loyalty_NN to_TO our_PRP$ country_NN ,_, we_PRP will_MD rediscover_VB our_PRP$ loyalty_NN to_TO each_DT other_JJ ._.
",f
"When_WRB you_PRP open_VB your_PRP$ heart_NN to_TO patriotism_NN ,_, there_EX is_VBZ no_DT room_NN for_IN prejudice_NN ._.
",f
"The_DT Bible_NNP tells_VBZ us_PRP ,_, ``_`` How_WRB good_JJ and_CC pleasant_JJ it_PRP is_VBZ when_WRB God_NNP 's_POS people_NNS live_VBP together_RB in_IN unity_NN ._.
",f
"''_'' We_PRP must_MD speak_VB our_PRP$ minds_NNS openly_RB ,_, debate_VB our_PRP$ disagreements_NNS honestly_RB ,_, but_CC always_RB pursue_VB solidarity_NN ._.
",t
"When_WRB America_NNP is_VBZ united_VBN ,_, America_NNP is_VBZ totally_RB unstoppable_JJ ._.
",f
"There_EX should_MD be_VB no_DT fear_NN :_:
",f
" We_PRP are_VBP protected_VBN ,_, and_CC we_PRP will_MD always_RB be_VB protected_VBN ._.
",f
"We_PRP will_MD be_VB protected_VBN by_IN the_DT great_JJ men_NNS and_CC women_NNS of_IN our_PRP$ military_JJ and_CC law_NN enforcement_NN ,_, and_CC most_RBS importantly_RB ,_, we_PRP will_MD be_VB protected_VBN by_IN God_NNP ._.
",f
"Finally_RB ,_, we_PRP must_MD think_VB big_JJ and_CC dream_NN even_RB bigger_JJR ._.
",f
"In_IN America_NNP ,_, we_PRP understand_VBP that_IN a_DT nation_NN is_VBZ only_RB living_VBG as_RB long_RB as_IN it_PRP is_VBZ striving_VBG ._.
",f
"We_PRP will_MD no_RB longer_RB accept_VB politicians_NNS who_WP are_VBP all_DT talk_NN and_CC no_DT action_NN ,_, constantly_RB complaining_VBG ,_, but_CC never_RB doing_VBG anything_NN about_IN it_PRP ._.
",t
"The_DT time_NN for_IN empty_JJ talk_NN is_VBZ over_IN ._.
",f
"Now_RB arrives_VBZ the_DT hour_NN of_IN action_NN ._.
",f
"Do_VBP not_RB allow_VB anyone_NN to_TO tell_VB you_PRP that_IN it_PRP can_MD not_RB be_VB done_VBN ._.
",f
"No_DT challenge_NN can_MD match_VB the_DT heart_NN and_CC fight_NN and_CC spirit_NN of_IN America_NNP ._.
",t
"We_PRP will_MD not_RB fail_VB ._.
",f
"Our_PRP$ country_NN will_MD thrive_VB and_CC prosper_VB again_RB ._.
",f
"We_PRP stand_VBP at_IN the_DT birth_NN of_IN a_DT new_JJ millennium_NNP ,_, ready_JJ to_TO unlock_VB the_DT mysteries_NNS of_IN space_NN ,_, to_TO free_VB the_DT Earth_NNP from_IN the_DT miseries_NNS of_IN disease_NN ,_, and_CC to_TO harness_NN the_DT energies_NNS ,_, industries_NNS ,_, and_CC technologies_NNS of_IN tomorrow_NN ._.
",t
"A_DT new_JJ national_JJ pride_NN will_MD stir_VB our_PRP$ souls_NNS ,_, lift_VB our_PRP$ sights_NNS ,_, and_CC heal_VB our_PRP$ divisions_NNS ._.
",t
"It_PRP 's_VBZ time_NN to_TO remember_VB that_DT old_JJ wisdom_NN our_PRP$ soldiers_NNS will_MD never_RB forget_VB :_:
",f
" that_IN whether_IN we_PRP are_VBP Black_JJ or_CC Brown_JJ or_CC White_NNP ,_, we_PRP all_DT bleed_VBP the_DT same_JJ red_JJ blood_NN of_IN patriots_NNS ,_, we_PRP all_DT enjoy_VBP the_DT same_JJ glorious_JJ freedoms_NNS ,_, and_CC we_PRP all_DT salute_VBP the_DT same_JJ great_JJ American_JJ flag_NN ._.
",t
"And_CC whether_IN a_DT child_NN is_VBZ born_VBN in_IN the_DT urban_JJ sprawl_NN of_IN Detroit_NNP or_CC the_DT windswept_JJ plains_NNS of_IN Nebraska_NNP ,_, they_PRP look_VBP up_RP at_IN the_DT same_JJ night_NN sky_NN ,_, they_PRP fill_VBP their_PRP$ heart_NN with_IN the_DT same_JJ dreams_NNS ,_, and_CC they_PRP are_VBP infused_VBN with_IN the_DT breath_NN of_IN life_NN by_IN the_DT same_JJ almighty_NN Creator_NNP ._.
",t
"So_IN to_TO all_DT Americans_NNPS in_IN every_DT city_NN near_IN and_CC far_RB ,_, small_JJ and_CC large_JJ ,_, from_IN mountain_NN to_TO mountain_NN ,_, from_IN ocean_NN to_TO ocean_NN ,_, hear_VB these_DT words_NNS :_:
",t
" You_PRP will_MD never_RB be_VB ignored_VBN again_RB ._.
",f
"Your_PRP$ voice_NN ,_, your_PRP$ hopes_NNS ,_, and_CC your_PRP$ dreams_NNS will_MD define_VB our_PRP$ American_JJ destiny_NN ._.
",t
"And_CC your_PRP$ courage_NN and_CC goodness_NN and_CC love_NN will_MD forever_RB guide_VB us_PRP along_IN the_DT way_NN ._.
",t
"Together_RB ,_, we_PRP will_MD make_VB America_NNP strong_JJ again_RB ._.
",f
"We_PRP will_MD make_VB America_NNP wealthy_JJ again_RB ._.
",f
"We_PRP will_MD make_VB America_NNP proud_JJ again_RB ._.
",f
"We_PRP will_MD make_VB America_NNP safe_JJ again_RB ._.
",f
"And_CC ,_, yes_UH ,_, together_RB ,_, we_PRP will_MD make_VB America_NNP great_JJ again_RB ._.
",f
"Thank_VB you_PRP ._.
",f
"God_NNP bless_VB you_PRP ,_, and_CC God_NNP bless_VBP America_NNP ._.
",t
"Thank_VB you_PRP ._.
",f
"God_NNP bless_VB America_NNP ._.
",f
"NOTE_VB :_:
",f
" The_DT President_NNP spoke_VBD at_IN approximately_RB 12:04_CD p.m._NN at_IN the_DT West_NNP Front_NN of_IN the_DT U.S._NNP Capitol_NNP ._.
",f
"Prior_RB to_TO the_DT address_NN ,_, Chief_NNP Justice_NNP John_NNP G._NNP Roberts_NNP ,_, Jr._NNP ,_, administered_VBN the_DT oath_NN of_IN office_NN ._.
",f
"In_IN his_PRP$ remarks_NNS ,_, he_PRP referred_VBD to_TO former_JJ President_NNP George_NNP W._NNP Bush_NNP ._.
",f
"Citation_NNP :_:
",f
" Donald_NNP J._NNP Trump_NNP :_:
",f
" ``_`` Inaugural_NNP Address_NNP ,_, ''_'' January_NNP 20_CD ,_, 2017_CD ._.
",f
"Online_NN by_IN Gerhard_NNP Peters_NNP and_CC John_NNP T._NNP Woolley_NNP ,_, The_NNP American_NNP Presidency_NNP Project_NNP ._.
",f
"http_NN :_:
",f
" //www.presidency.ucsb.edu/ws/_NN ?_.
",f